location,county
Denver,Denver County
Aurora,Arapahoe County
Lakewood,Jefferson County
Thornton,Adams County
Arvada,Jefferson County
Westminster,Adams County
Centennial,Arapahoe County
Boulder,Boulder County
Littleton,Arapahoe County
Parker,Douglas County
Castle Rock,Douglas County
Broomfield,Broomfield County
Brighton,Adams County
Wheat Ridge,Jefferson County
Englewood,Arapahoe County
Golden,Jefferson County
Lafayette,Boulder County
Louisville,Boulder County
Erie,Weld County
Superior,Boulder County
